Act_Num,Status,PUP_Name,PUP_Address,PUP_City,PUP_State,PUP_Zip,Symbol,Name
281364,A,WESBANCO,1 BANK PLZ ,WHEELING,WV,26003-3565,1_BANK_PLZ,1 BANK PLZ  (281364)
429031,A,WESBANCO - Lee St.,901 LEE ST E,CHARLESTON,WV,25301-1712,901_LEE_ST_E,901 LEE ST E (429031)
429739,A,INDIANAPOLIS LPO,10201 N ILLINOIS ST 140 ,CARMEL,IN,46290-1122,10201_N_ILLINOIS_ST_140,10201 N ILLINOIS ST 140  (429739)
613258,A,ABS/WESBANCO,1781 WESTBELT DR ,COLUMBUS,OH,43228-3811,1781_WESTBELT_DR,1781 WESTBELT DR  (613258)
00E823,A,WesBanco - Bexley,2710 E MAIN ST ,BEXLEY,OH,43209-2534,2710_E_MAIN_ST,2710 E MAIN ST  (00E823)
00E842,A,WESBANCO - Henderson,2000 W HENDERSON RD ,COLUMBUS,OH,43220-2453,2000_W_HENDERSON_RD,2000 W HENDERSON RD  (00E842)
096773,A,WESBANCO - Frankling Twp.,1793 MERCER RD ,ELLWOOD CITY,PA,16117-3051,1793_MERCER_RD,1793 MERCER RD  (096773)
09677E,A,WESBANCO - Ellwood City,600 LAWRENCE AVE ,ELLWOOD CITY,PA,16117-1930,600_LAWRENCE_AVE,600 LAWRENCE AVE  (09677E)
09677X,A,WESBANCO - Shenango,2731 ELLWOOD RD ,NEW CASTLE,PA,16101-6219,2731_ELLWOOD_RD,2731 ELLWOOD RD  (09677X)
09678R,A,WESBANCO - Fox Chapel,1060 FREEPORT RD ,PITTSBURGH,PA,15238-3102,1060_FREEPORT_RD,1060 FREEPORT RD  (09678R)
096799,A,WESBANCO - Neshannock,3360 WILMINGTON RD ,NEW CASTLE,PA,16105-1039,3360_WILMINGTON_RD,3360 WILMINGTON RD  (096799)
0968A0,A,WESBANCO - Center Twp.,3531 BRODHEAD RD ,MONACA,PA,15061-3125,3531_BRODHEAD_RD,3531 BRODHEAD RD  (0968A0)
0968A2,A,WESBANCO - Wexford,101 WEXFORD BAYNE RD 2 102 ,WEXFORD,PA,15090-8733,101_WEXFORD_BAYNE_RD_2_102,101 WEXFORD BAYNE RD 2 102  (0968A2)
0968E2,A,WESBANCO - Chippewa,2521 DARLINGTON RD ,BEAVER FALLS,PA,15010-7112,2521_DARLINGTON_RD,2521 DARLINGTON RD  (0968E2)
0968EA,A,WESBANCO - Baldwin,5035 CURRY RD ,PITTSBURGH,PA,15236-2543,5035_CURRY_RD,5035 CURRY RD  (0968EA)
0968EW,A,WESBANCO - Beaver,701 CORPORATION ST ,BEAVER,PA,15009-2713,701_CORPORATION_ST,701 CORPORATION ST  (0968EW)
0968EY,A,WESBANCO - Beaver Falls,1427 7TH AVE ,BEAVER FALLS,PA,15010-4220,1427_7TH_AVE,1427 7TH AVE  (0968EY)
1297AW,A,WESBANCO - Marietta,200 2ND ST ,MARIETTA,OH,45750-2925,200_2ND_ST,200 2ND ST  (1297AW)
1311AW,A,WESBANCO - Woodsfield,101 N SYCAMORE ST ,WOODSFIELD,OH,43793-1031,101_N_SYCAMORE_ST,101 N SYCAMORE ST  (1311AW)
1313AW,A,WESBANCO - OVP,50690 VALLEY CENTRE BLVD ,SAINT CLAIRSVILLE,OH,43950-1745,50690_VALLEY_CENTRE_BLVD,50690 VALLEY CENTRE BLVD  (1313AW)
1314AW,A,WESBANCO - Bethesda,105 S MAIN ST ,BETHESDA,OH,43719-7503,105_S_MAIN_ST,105 S MAIN ST  (1314AW)
1455AW,A,WESBANCO - Westside,300 TENNESSEE AVE ,CHARLESTON,WV,25302-2336,300_TENNESSEE_AVE,300 TENNESSEE AVE  (1455AW)
1473AW,A,WESBANCO - Sabraton,1350 EARL L CORE RD ,MORGANTOWN,WV,26505-5882,1350_EARL_L_CORE_RD,1350 EARL L CORE RD  (1473AW)
1507AW,A,WESBANCO - Gihon,260 GIHON VLG ,PARKERSBURG,WV,26101-7163,260_GIHON_VLG,260 GIHON VLG  (1507AW)
1512AW,A,WESBANCO - Ravenswood,2 WALL ST ,RAVENSWOOD,WV,26164-1715,2_WALL_ST,2 WALL ST  (1512AW)
1516AW,A,WESBANCO - Vienna,410 GRAND CENTRAL AVE ,VIENNA,WV,26105-2139,410_GRAND_CENTRAL_AVE,410 GRAND CENTRAL AVE  (1516AW)
1520AW,A,WESBANCO - Moundsville,910 LAFAYETTE AVE ,MOUNDSVILLE,WV,26041-2226,910_LAFAYETTE_AVE,910 LAFAYETTE AVE  (1520AW)
1524AW,A,WESBANCO - Steelton,285 N STATE ROUTE 2 ,NEW MARTINSVILLE,WV,26155-2203,285_N_STATE_ROUTE_2,285 N STATE ROUTE 2  (1524AW)
1527AW,A,WESBANCO - New Martinsville,190 MAIN ST ,NEW MARTINSVILLE,WV,26155-1265,190_MAIN_ST,190 MAIN ST  (1527AW)
1529AW,A,WESBANCO - Paden City,101 S 4TH AVE ,PADEN CITY,WV,26159-1443,101_S_4TH_AVE,101 S 4TH AVE  (1529AW)
1576AW,A,WESBANCO - Penco,333 PENCO RD ,WEIRTON,WV,26062-3898,333_PENCO_RD,333 PENCO RD  (1576AW)
1577AW,A,WESBANCO - Woodsdale,835 NATIONAL RD ,WHEELING,WV,26003-6438,835_NATIONAL_RD,835 NATIONAL RD  (1577AW)
1582AW,A,WESBANCO - Elm Grove,2207 NATIONAL RD ,WHEELING,WV,26003-5298,2207_NATIONAL_RD,2207 NATIONAL RD  (1582AW)
2E04E2,A,WESBANCO - Powell,10716 SAWMILL PKWY ,POWELL,OH,43065-6687,10716_SAWMILL_PKWY,10716 SAWMILL PKWY  (2E04E2)
2W3498,A,WESBANCO - Suncrest TC,101 SUNCREST TOWN CENTRE DR ,MORGANTOWN,WV,26505-1827,101_SUNCREST_TOWN_CENTRE_DR,101 SUNCREST TOWN CENTRE DR  (2W3498)
2X657R,A,WESBANCO - Rock,4650 1ST AVE ,NITRO,WV,25143-1003,4650_1ST_AVE,4650 1ST AVE  (2X657R)
2X679A,A,WESBANCO - Huntington,823 8TH ST ,HUNTINGTON,WV,25701-2801,823_8TH_ST,823 8TH ST  (2X679A)
3002AF,A,WESBANCO - Tates Creek,3346 TATES CREEK RD ,LEXINGTON,KY,40502-3408,3346_TATES_CREEK_RD,3346 TATES CREEK RD  (3002AF)
3002AY,A,WESBANCO - Vine St.,400 E VINE ST 101 ,LEXINGTON,KY,40507-1500,400_E_VINE_ST_101,400 E VINE ST 101  (3002AY)
3002E1,A,WESBANCO - Scottsburg,125 W MCCLAIN AVE ,SCOTTSBURG,IN,47170-2016,125_W_MCCLAIN_AVE,125 W MCCLAIN AVE  (3002E1)
3002E2,A,WESBANCO - Hamburg,102 HERITAGE SQ ,SELLERSBURG,IN,47172-1863,102_HERITAGE_SQ,102 HERITAGE SQ  (3002E2)
3002E3,A,WESBANCO - Hwy 62,5112 E HIGHWAY 62 ,JEFFERSONVILLE,IN,47130-8706,5112_E_HIGHWAY_62,5112 E HIGHWAY 62  (3002E3)
3002E4,A,WESBANCO - Court Ave,201 W COURT AVE ,JEFFERSONVILLE,IN,47130-3529,201_W_COURT_AVE,201 W COURT AVE  (3002E4)
3002E8,A,WESBANCO - State St.,480 NEW ALBANY PLZ ,NEW ALBANY,IN,47150-4656,480_NEW_ALBANY_PLZ,480 NEW ALBANY PLZ  (3002E8)
3002FY,A,WESBANCO - Spring St.,101 W SPRING ST ,NEW ALBANY,IN,47150-3660,101_W_SPRING_ST,101 W SPRING ST  (3002FY)
301F89,A,WESBANCO - Brandenburg,416 BROADWAY ST ,BRANDENBURG,KY,40108-1102,416_BROADWAY_ST,416 BROADWAY ST  (301F89)
301F91,A,WESBANCO - Shepherdsville,395 N BUCKMAN ST ,SHEPHERDSVILLE,KY,40165-7921,395_N_BUCKMAN_ST,395 N BUCKMAN ST  (301F91)
301F92,A,WESBANCO - Mt. Washington,279 N BARDSTOWN RD ,MOUNT WASHINGTON,KY,40047-7645,279_N_BARDSTOWN_RD,279 N BARDSTOWN RD  (301F92)
301F96,A,WESBANCO - Stonybrook,3650 SOUTH HURSBOURNE PKWY ,LOUISVILLE,KY,40229-7316,3650_SOUTH_HURSBOURNE_PKWY,3650 SOUTH HURSBOURNE PKWY  (301F96)
301F97,A,WESBANCO - Blakenbaker,301 BLANKENBAKER PKWY ,LOUISVILLE,KY,40243-1879,301_BLANKENBAKER_PKWY,301 BLANKENBAKER PKWY  (301F97)
551R02,A,FRANKLIN SQUARE,1301 US HIGHWAY 127 S ,FRANKFORT,KY,40601-4358,1301_US_HIGHWAY_127_S,1301 US HIGHWAY 127 S  (551R02)
551R12,A,WESBANCO NEWPORT,103 CHURCHILL DR ,NEWPORT,KY,41071-2506,103_CHURCHILL_DR,103 CHURCHILL DR  (551R12)
551R15,A,ORCHARD,986 N MAIN ST ,NICHOLASVILLE,KY,40356-2308,986_N_MAIN_ST,986 N MAIN ST  (551R15)
551R18,A,VERSAILLES MAIN,100 UNITED DR ,VERSAILLES,KY,40383-2408,100_UNITED_DR,100 UNITED DR  (551R18)
551R20,A,WEST PARK,201 WEST PARK SHOPPING CTR ,LAWRENCEBURG,KY,40342,201_WEST_PARK_SHOPPING_CTR,201 WEST PARK SHOPPING CTR  (551R20)
551R22,A,GEORGETOWN MAIN,200 E MAIN ST ,GEORGETOWN,KY,40324-1712,200_E_MAIN_ST,200 E MAIN ST  (551R22)
551R28,A,RING ROAD FFKT,3030 RING RD ,ELIZABETHTOWN,KY,42701-7932,3030_RING_RD,3030 RING RD  (551R28)
551R30,A,SIR BARTON FFKT,2509 SIR BARTON WAY ,LEXINGTON,KY,40509-2275,2509_SIR_BARTON_WAY,2509 SIR BARTON WAY  (551R30)
551R31,A,RADCLIFF FFKT,645 S DIXIE BLVD ,RADCLIFF,KY,40160-1219,645_S_DIXIE_BLVD,645 S DIXIE BLVD  (551R31)
551R32,A,WEST DIXIE FFKT,425 W DIXIE AVE ,ELIZABETHTOWN,KY,42701-2432,425_W_DIXIE_AVE,425 W DIXIE AVE  (551R32)
551RX6,A,ALEXANDRIA,7300 ALEXANDRIA PIKE ,ALEXANDRIA,KY,41001-1038,7300_ALEXANDRIA_PIKE,7300 ALEXANDRIA PIKE  (551RX6)
551RX8,A,BELLEVUE KY,164 FAIRFIELD AVE ,BELLEVUE,KY,41073-1059,164_FAIRFIELD_AVE,164 FAIRFIELD AVE  (551RX8)
551RX9,A,BRADFORD,100 N BRADFORD LN ,GEORGETOWN,KY,40324-2337,100_N_BRADFORD_LN,100 N BRADFORD LN  (551RX9)
551RY7,A,FORT THOMAS,34 N FORT THOMAS AVE ,FORT THOMAS,KY,41075-1539,34_N_FORT_THOMAS_AVE,34 N FORT THOMAS AVE  (551RY7)
551RY8,A,FRANKFORT MAIN,125 W MAIN ST ,FRANKFORT,KY,40601-2807,125_W_MAIN_ST,125 W MAIN ST  (551RY8)
551RY9,A,FRANKFORT EAST,154 VERSAILLES RD ,FRANKFORT,KY,40601-3208,154_VERSAILLES_RD,154 VERSAILLES RD  (551RY9)
6V54Y7,A,WESBANCO TRUST BUILDING,201 W MAIN ST ,FRANKFORT,KY,40601-1867,201_W_MAIN_ST,201 W MAIN ST  (6V54Y7)
7634AW,A,WESBANCO - Wellsburg,745 CHARLES ST ,WELLSBURG,WV,26070-1615,745_CHARLES_ST,745 CHARLES ST  (7634AW)
7R102Y,A,WESBANCO - Ironton,311 S 5TH ST ,IRONTON,OH,45638-1609,311_S_5TH_ST,311 S 5TH ST  (7R102Y)
7R1033,A,WESBANCO - Mason,6501 S MASON MONTGOMERY RD ,MASON,OH,45040-3711,6501_S_MASON_MONTGOMERY_RD,6501 S MASON MONTGOMERY RD  (7R1033)
7R1036,A,WESBANCO - Franklin,310 S MAIN ST ,FRANKLIN,OH,45005-2228,310_S_MAIN_ST,310 S MAIN ST  (7R1036)
7R103Y,A,WESBANCO - Blue Ash,4811 COOPER RD ,CINCINNATI,OH,45242-6912,4811_COOPER_RD,4811 COOPER RD  (7R103Y)
7R1044,A,WESBANCO - Jackson Insurance,317 RALPH ST ,JACKSON,OH,45640-2036,317_RALPH_ST,317 RALPH ST  (7R1044)
7R10R9,A,WESBANCO - Chillicothe,49 E WATER ST ,CHILLICOTHE,OH,45601-2535,49_E_WATER_ST,49 E WATER ST  (7R10R9)
88X245,A,WESBANCO - Brighton Rd.,3300 BRIGHTON RD ,PITTSBURGH,PA,15212-2334,3300_BRIGHTON_RD,3300 BRIGHTON RD  (88X245)
88X431,A,WESBANCO - Zelienople,251 S MAIN ST ,ZELIENOPLE,PA,16063-1151,251_S_MAIN_ST,251 S MAIN ST  (88X431)
88X46X,A,WESBANCO - Perrysville,1009 PERRY HWY ,PITTSBURGH,PA,15237-2108,1009_PERRY_HWY,1009 PERRY HWY  (88X46X)
88X481,A,WESBANCO - Carnegie,100 BROADWAY ST ,CARNEGIE,PA,15106-2472,100_BROADWAY_ST,100 BROADWAY ST  (88X481)
88X50E,A,WESBANCO - McCandless,617 DUNCAN AVE ,PITTSBURGH,PA,15237-5854,617_DUNCAN_AVE,617 DUNCAN AVE  (88X50E)
88X51V,A,WESBANCO - Bellevue PA,683 LINCOLN AVE ,PITTSBURGH,PA,15202-3422,683_LINCOLN_AVE,683 LINCOLN AVE  (88X51V)
88X584,A,WESBANCO - Bloomfield,4710 LIBERTY AVE ,PITTSBURGH,PA,15224,4710_LIBERTY_AVE,4710 LIBERTY AVE  (88X584)
8Y904E,A,DAMASCUS WESBANCO,26500 RIDGE RD ,DAMASCUS,MD,20872-1915,26500_RIDGE_RD,26500 RIDGE RD  (8Y904E)
8Y907V,A,GLEN BURNIE WESBANCO,427 CRAIN HWY N ,GLEN BURNIE,MD,21061-3008,427_CRAIN_HWY_N,427 CRAIN HWY N  (8Y907V)
8Y9093,A,GREENBELT WESBANCO,6421 IVY LN ,GREENBELT,MD,20770-1442,6421_IVY_LN,6421 IVY LN  (8Y9093)
8Y90A1,A,CANTON WESBANCO,531 S CONKLING ST ,BALTIMORE,MD,21224-4202,531_S_CONKLING_ST,531 S CONKLING ST  (8Y90A1)
8Y90Y1,A,CLINTON WESBANCO,7801 OLD BRANCH AVE ,CLINTON,MD,20735-1608,7801_OLD_BRANCH_AVE,7801 OLD BRANCH AVE  (8Y90Y1)
8Y9165,A,MOUNT AIRY WESBANCO,201 E RIDGEVILLE BLVD ,MOUNT AIRY,MD,21771-5257,201_E_RIDGEVILLE_BLVD,201 E RIDGEVILLE BLVD  (8Y9165)
8Y918W,A,PERRY HALL WESBANCO,4040 SCHROEDER AVE ,PERRY HALL,MD,21128-9704,4040_SCHROEDER_AVE,4040 SCHROEDER AVE  (8Y918W)
8Y918Y,A,PIKESVILLE WESBANCO,1732 REISTERSTOWN RD ,PIKESVILLE,MD,21208-2903,1732_REISTERSTOWN_RD,1732 REISTERSTOWN RD  (8Y918Y)
8Y9199,A,PRINCE FREDERICK,691 PRINCE FREDERICK BLVD ,PRINCE FREDERICK,MD,20678-3144,691_PRINCE_FREDERICK_BLVD,691 PRINCE FREDERICK BLVD  (8Y9199)
8Y91W3,A,LAPLATA WESBANCO,101 E CHARLES ST 102 ,LA PLATA,MD,20646-4901,101_E_CHARLES_ST_102,101 E CHARLES ST 102  (8Y91W3)
8Y921E,A,ROCKVILLE PIKE WEBANCO,1801 ROCKVILLE PIKE 100 ,ROCKVILLE,MD,20852-5642,1801_ROCKVILLE_PIKE_100,1801 ROCKVILLE PIKE 100  (8Y921E)
8Y9282,A,WALDORF CRAIN HWY WESBANCO,2995 CRAIN HWY 100 ,WALDORF,MD,20601-2834,2995_CRAIN_HWY_100,2995 CRAIN HWY 100  (8Y9282)
8Y92F4,A,RIVERDALE WESBANCO,6611 BALTIMORE AVE 3C ,RIVERDALE,MD,20737-1025,6611_BALTIMORE_AVE_3C,6611 BALTIMORE AVE 3C  (8Y92F4)
8Y9338,A,TOWSON WESBANCO,849 FAIRMONT AVE ,TOWSON,MD,21286-2624,849_FAIRMONT_AVE,849 FAIRMONT AVE  (8Y9338)
8Y93F1,A,WALDORF RTE. 5 WESBANCO,3135 LEONARDTOWN RD ,WALDORF,MD,20601,3135_LEONARDTOWN_RD,3135 LEONARDTOWN RD  (8Y93F1)
8Y9V74,A,ANNAPOLIS WESBANCO,2530 RIVA RD 100 ,ANNAPOLIS,MD,21401-7444,2530_RIVA_RD_100,2530 RIVA RD 100  (8Y9V74)
8Y9V78,A,ARBUTUS WESBANCO,817 MAIDEN CHOICE LN 108 ,CATONSVILLE,MD,21228-3971,817_MAIDEN_CHOICE_LN_108,817 MAIDEN CHOICE LN 108  (8Y9V78)
8Y9Y41,A,BOWIE WESBANCO,1525 POINTER RIDGE PL ,BOWIE,MD,20716-1833,1525_POINTER_RIDGE_PL,1525 POINTER RIDGE PL  (8Y9Y41)
8Y9Y95,A,CALIFORNIA WESBANCO,22741 THREE NOTCH RD ,CALIFORNIA,MD,20619-3099,22741_THREE_NOTCH_RD,22741 THREE NOTCH RD  (8Y9Y95)
91V060,A,WESBANCO - St. C Main,135 W MAIN ST ,SAINT CLAIRSVILLE,OH,43950-1224,135_W_MAIN_ST,135 W MAIN ST  (91V060)
91V091,A,WESBANCO - Clarksburg,140 W MAIN ST ,CLARKSBURG,WV,26301-2942,140_W_MAIN_ST,140 W MAIN ST  (91V091)
99V457,A,WESBANCO - Trinity Point,1003 TRINITY CIR ,WASHINGTON,PA,15301-2973,1003_TRINITY_CIR,1003 TRINITY CIR  (99V457)
A33R08,A,WESBANCO - Flushing,219 HIGH ST ,FLUSHING,OH,43977-9704,219_HIGH_ST,219 HIGH ST  (A33R08)
A33R20,A,WESBANCO - Highlands,100 CABELA DR ,TRIADELPHIA,WV,26059-1048,100_CABELA_DR,100 CABELA DR  (A33R20)
A93674,A,WESBANCO - Gallipolis,500 3RD AVE ,GALLIPOLIS,OH,45631-1235,500_3RD_AVE,500 3RD AVE  (A93674)
AC6637,A,WESBANCO - Cleveland LPO,"1111 Superior Ave E, Ste. 111",Cleveland ,OH,44114,"1111_Superior_Ave_E,_Ste._111","1111 Superior Ave E, Ste. 111 (AC6637)"
AC9516,A,WESBANCO - Route 100,6050 MEADOWRIDGE CENTER DR ,ELKRIDGE,MD,21075-6088,6050_MEADOWRIDGE_CENTER_DR,6050 MEADOWRIDGE CENTER DR  (AC9516)
B34665,A,WESBANCO - Grove City,5901 HOOVER RD ,GROVE CITY,OH,43123-9702,5901_HOOVER_RD,5901 HOOVER RD  (B34665)
B35V30,A,WESBANCO JOHN ROWAN,401 E JOHN ROWAN BLVD ,BARDSTOWN,KY,40004-2043,401_E_JOHN_ROWAN_BLVD,401 E JOHN ROWAN BLVD  (B35V30)
B35V32,A,WESBANCO PEAR ORCHARD,2101 N DIXIE HWY 111 ,ELIZABETHTOWN,KY,42701-7835,2101_N_DIXIE_HWY_111,2101 N DIXIE HWY 111  (B35V32)
B35V33,A,WESBANCO PEACHTREE,4328 CHARLESTOWN RD ,NEW ALBANY,IN,47150-9568,4328_CHARLESTOWN_RD,4328 CHARLESTOWN RD  (B35V33)
B35V35,A,WESBANCO ORCHARD,986 N MAIN ST ,NICHOLASVILLE,KY,40356-2308,986_N_MAIN_ST,986 N MAIN ST  (B35V35)
B35V59,A,WESBANCO HIGHLANDER PT.,701 HIGHLANDER POINT DR ,FLOYDS KNOBS,IN,47119-9442,701_HIGHLANDER_POINT_DR,701 HIGHLANDER POINT DR  (B35V59)
B3672R,A,WESBANCO SHINNSTON,329 PIKE ST ,SHINNSTON,WV,26431-1115,329_PIKE_ST,329 PIKE ST  (B3672R)
B3672X,A,WESBANCO BRIDGEPORT HILL,1203 W MAIN ST ,BRIDGEPORT,WV,26330-1656,1203_W_MAIN_ST,1203 W MAIN ST  (B3672X)
B3673Y,A,WESBANCO WHITEHALL,2820 WHITE HALL BLVD ,FAIRMONT,WV,26554-8237,2820_WHITE_HALL_BLVD,2820 WHITE HALL BLVD  (B3673Y)
B37095,A,WESBANCO WHEELERSBURG,9000 OHIO RIVER RD ,WHEELERSBURG,OH,45694-1924,9000_OHIO_RIVER_RD,9000 OHIO RIVER RD  (B37095)
B79023,A,WESBANCO OAK HILL,201 S FRONT ST ,OAK HILL,OH,45656-1244,201_S_FRONT_ST,201 S FRONT ST  (B79023)
B79025,A,WESBANCO PROCTORVILLE,307 STATE ST ,PROCTORVILLE,OH,45669-3011,307_STATE_ST,307 STATE ST  (B79025)
B79026,A,WESBANCO JACKSON MAIN,300 E MAIN ST ,JACKSON,OH,45640-1718,300_E_MAIN_ST,300 E MAIN ST  (B79026)
B79027,A,WESBANCO BARBOURSVILLE,30 MUD RIVER RD ,BARBOURSVILLE,WV,25504-7242,30_MUD_RIVER_RD,30 MUD RIVER RD  (B79027)
B79028,A,WESBANCO SOUTH HILLS,852 OAKWOOD RD ,CHARLESTON,WV,25314-2010,852_OAKWOOD_RD,852 OAKWOOD RD  (B79028)
B79029,A,WESBANCO - Sissonville,6409 SISSONVILLE DR ,CHARLESTON,WV,25320-9709,6409_SISSONVILLE_DR,6409 SISSONVILLE DR  (B79029)
B79303,A,WESBANCO ELIZABETH,71 COURT ST ,ELIZABETH,WV,26143-1126,71_COURT_ST,71 COURT ST  (B79303)
B79304,A,WESBANCO WESTOVER,9 COMMERCE DR ,MORGANTOWN,WV,26501-3875,9_COMMERCE_DR,9 COMMERCE DR  (B79304)
B7938V,A,WESBANCO BRYANS RD,7175 INDIAN HEAD HWY ,BRYANS ROAD,MD,20616,7175_INDIAN_HEAD_HWY,7175 INDIAN HEAD HWY  (B7938V)
B7938W,A,WESBANCO - Clarksburg MD,23400 FREDERICK RD ,CLARKSBURG,MD,20871-9703,23400_FREDERICK_RD,23400 FREDERICK RD  (B7938W)
B7962B,A,WESBANCO STRIP DISCTRICT,2034 PENN AVE ,PITTSBURGH,PA,15222-4418,2034_PENN_AVE,2034 PENN AVE  (B7962B)
B79822,A,WESBANCO COLUMBUS,1818 W LANE AVE ,COLUMBUS,OH,43221-3313,1818_W_LANE_AVE,1818 W LANE AVE  (B79822)
B8C441,A,WESBANCO MCMECHAN,613 MARSHALL ST ,MCMECHEN,WV,26040-1042,613_MARSHALL_ST,613 MARSHALL ST  (B8C441)
C1H340,A,WESBANCO - Chattanooga LPO,"1413 Chestnut St., Suite 403",CHATTANOOGA,TN,37405-4477,"1413_Chestnut_St.,_Suite_403","1413 Chestnut St., Suite 403 (C1H340)"
F1R103,A,WESBANCO BANK - Bank Plaza,1 BANK PLZ ,WHEELING,WV,26003-3565,1_BANK_PLZ,1 BANK PLZ  (F1R103)
F1R499,A,WESBANCO - Market Street,415 MARKET ST ,PARKERSBURG,WV,26101-5338,415_MARKET_ST,415 MARKET ST  (F1R499)
F1R552,A,WESBANCO - Fairmont,301 ADAMS ST ,FAIRMONT,WV,26554-0155,301_ADAMS_ST,301 ADAMS ST  (F1R552)
F1R724,A,WESBANCO FOLLANSBEE,955 MAIN ST ,FOLLANSBEE,WV,26037-1449,955_MAIN_ST,955 MAIN ST  (F1R724)
R04250,A,WESBANCO BANK,28 E MAIN ST ,SPRINGFIELD,OH,45502-1306,28_E_MAIN_ST,28 E MAIN ST  (R04250)
V5117D,A,WESBANCO EAST PALESTINE,127 N MARKET ,EAST PALESTINE,OH,44413-2018,127_N_MARKET,127 N MARKET  (V5117D)
V5117H,A,WESBANCO CALCUTTA,15575 ST ROUTE 170 ,CALCUTTA,OH,43920-9215,15575_ST_ROUTE_170,15575 ST ROUTE 170  (V5117H)
V5117J,A,WESBANCO DUBLIN - BRIDGE PARK,6599 LONGSHORE ST 1ST FLOOR ,DUBLIN,OH,43017-2766,6599_LONGSHORE_ST_1ST_FLOOR,6599 LONGSHORE ST 1ST FLOOR  (V5117J)
V5117K,A,WESBANCO HILLIARD,4501 CEMETERY RD ,HILLIARD,OH,43026-1102,4501_CEMETERY_RD,4501 CEMETERY RD  (V5117K)
V5118B,A,WESBANCO TALLMADGE,182 TALLMADGE RD ,BRIMFIELD,OH,44240-7206,182_TALLMADGE_RD,182 TALLMADGE RD  (V5118B)
V5118C,A,WESBANCO BELDEN,6141 WHIPPLE AVE NW ,NORTH CANTON,OH,44720-7617,6141_WHIPPLE_AVE_NW,6141 WHIPPLE AVE NW  (V5118C)
V5118D,A,WESBANCO FAIRLAWN,3085 WEST MARKET STREET ,FAIRLAWN,OH,44333-3652,3085_WEST_MARKET_STREET,3085 WEST MARKET STREET  (V5118D)
V5118G,A,WESBANCO AURORA,7075 N AURORA RD ,AURORA,OH,44202-9603,7075_N_AURORA_RD,7075 N AURORA RD  (V5118G)
V5118H,A,WESBANCO MENTOR,7707 MENTOR AVE ,MENTOR,OH,44060-5446,7707_MENTOR_AVE,7707 MENTOR AVE  (V5118H)
V5118J,A,WESBANCO CHARDON,201 MEADOWLANDS DR ,CHARDON,OH,44024-8366,201_MEADOWLANDS_DR,201 MEADOWLANDS DR  (V5118J)
V5118K,A,WESBANCO STREETSBORO,1130 STATE ROUTE 303 ,STREETSBORO,OH,44241-5266,1130_STATE_ROUTE_303,1130 STATE ROUTE 303  (V5118K)
V5119C,A,WESBANCO AVON,2100 CENTER RD A ,AVON,OH,44011-1892,2100_CENTER_RD_A,2100 CENTER RD A  (V5119C)
V5119D,A,WESBANCO MEDINA,830 N COURT ST ,MEDINA,OH,44256-1719,830_N_COURT_ST,830 N COURT ST  (V5119D)
V5119G,A,WESBANCO ASHLAND,30 EAST MAIN STREET ,ASHLAND,OH,44805-2329,30_EAST_MAIN_STREET,30 EAST MAIN STREET  (V5119G)
V5119J,A,WESBANCO STRUTHERS,32 STATE ST ,STRUTHERS,OH,44471-1978,32_STATE_ST,32 STATE ST  (V5119J)
V5119K,A,WESBANCO NEWPORT GLEN,4005 HILLMAN WAY ,YOUNGSTOWN,OH,44512-1178,4005_HILLMAN_WAY,4005 HILLMAN WAY  (V5119K)
V5120B,A,WESBANCO ADRIAN NORTH,300 N MAIN ST ,ADRIAN,MI,49221-2715,300_N_MAIN_ST,300 N MAIN ST  (V5120B)
V5120C,A,WESBANCO ADRIAN WEST,1701 W MAUMEE ST ,ADRIAN,MI,49221-1238,1701_W_MAUMEE_ST,1701 W MAUMEE ST  (V5120C)
V5120D,A,WESBANCO MORENCI,211 W MAIN ST ,MORENCI,MI,49256-1420,211_W_MAIN_ST,211 W MAIN ST  (V5120D)
V5120G,A,WESBANCO HUDSON,539 S MERIDIAN ,HUDSON,MI,49247-9341,539_S_MERIDIAN,539 S MERIDIAN  (V5120G)
V5120H,A,WESBANCO TECUMSEH WEST,1449 WEST CHICAGO BLVD ,TECUMSEH,MI,49286-8727,1449_WEST_CHICAGO_BLVD,1449 WEST CHICAGO BLVD  (V5120H)
V5120J,A,WESBANCO ANN HARBOR LPO,2001 COMMONWEALTH BLVD ,ANN ARBOR,MI,48105-2947,2001_COMMONWEALTH_BLVD,2001 COMMONWEALTH BLVD  (V5120J)
V512B1,A,WESBANCO BOARDMAN,7525 MARKET ST ,YOUNGSTOWN,OH,44512-6039,7525_MARKET_ST,7525 MARKET ST  (V512B1)
V512B3,A,WESBANCO KIRK ROAD,4259 KIRK RD ,YOUNGSTOWN,OH,44511-1839,4259_KIRK_RD,4259 KIRK RD  (V512B3)
V512B4,A,WESBANCO POLAND,202 S MAIN ST ,POLAND,OH,44514-2025,202_S_MAIN_ST,202 S MAIN ST  (V512B4)
V512B5,A,WESBANCO LIBERTY,3500 BELMONT AVE ,YOUNGSTOWN,OH,44505-1402,3500_BELMONT_AVE,3500 BELMONT AVE  (V512B5)
V512B7,A,WESBANCO CANFIELD,29 NORTH BROAD ST ,CANFIELD,OH,44406-1136,29_NORTH_BROAD_ST,29 NORTH BROAD ST  (V512B7)
V512B8,A,WESBANCO MCCARTNEY RD,2996 MCCARTNEY RD ,YOUNGSTOWN,OH,44505-5022,2996_MCCARTNEY_RD,2996 MCCARTNEY RD  (V512B8)
V512B9,A,WESBANCO AUSTINTOWN,6030 MAHONING AVE ,YOUNGSTOWN,OH,44515-2226,6030_MAHONING_AVE,6030 MAHONING AVE  (V512B9)
V512C1,A,WESBANCO EASTWOOD,980 GREAT EAST PLAZA ,NILES,OH,44446-4818,980_GREAT_EAST_PLAZA,980 GREAT EAST PLAZA  (V512C1)
V512C2,A,WESBANCO HOWLAND,4625 N RIVER RD ,WARREN,OH,44484-1052,4625_N_RIVER_RD,4625 N RIVER RD  (V512C2)
V512C3,A,WESBANCO SALEM,650 EAST STATE ST ,SALEM,OH,44460-2935,650_EAST_STATE_ST,650 EAST STATE ST  (V512C3)
V512C4,A,WESBANCO LISBON,210 W LINCOLN WAY ,LISBON,OH,44432-1104,210_W_LINCOLN_WAY,210 W LINCOLN WAY  (V512C4)
V512C6,A,WESBANCO COLUMBIANA,14825 SOUTH AVENUE EXT ,COLUMBIANA,OH,44408,14825_SOUTH_AVENUE_EXT,14825 SOUTH AVENUE EXT  (V512C6)
V512C7,A,WESBANCO MARION JAMESWAY,279 JAMESWAWY DRIVE ,MARION,OH,43302,279_JAMESWAWY_DRIVE,279 JAMESWAWY DRIVE  (V512C7)
V512D1,A,WESBANCO FINDLAY NORTH,3900 NORTH MAIN ST ,FINDLAY,OH,45840-4217,3900_NORTH_MAIN_ST,3900 NORTH MAIN ST  (V512D1)
V512D2,A,WESBANCO FOSTORIA,1694 NORTH COUNTY LINE ST ,FOSTORIA,OH,44830-1938,1694_NORTH_COUNTY_LINE_ST,1694 NORTH COUNTY LINE ST  (V512D2)
V512D4,A,WESBANCO FINDLAY DOWNTOWN,301 SOUTH MAIN ST ,FINDLAY,OH,45840-3351,301_SOUTH_MAIN_ST,301 SOUTH MAIN ST  (V512D4)
V512D5,A,WESBANCO OTTAWA,405 EAST MAIN ST ,OTTAWA,OH,45875-1947,405_EAST_MAIN_ST,405 EAST MAIN ST  (V512D5)
V512D6,A,WESBANCO MCCOMB,124 EAST MAIN ST ,MCCOMB,OH,45858-8407,124_EAST_MAIN_ST,124 EAST MAIN ST  (V512D6)
V512D8,A,WESBANCO FINDLAY EAST,7591 PATRIOT DR ,FINDLAY,OH,45840-7823,7591_PATRIOT_DR,7591 PATRIOT DR  (V512D8)
V512G2,A,WESBANCO DELPHOS,230 EAST SECOND ST ,DELPHOS,OH,45833-1701,230_EAST_SECOND_ST,230 EAST SECOND ST  (V512G2)
V512G4,A,WESBANCO ELIDA,105 SOUTH GREENLAWN AVE ,ELIDA,OH,45807-1017,105_SOUTH_GREENLAWN_AVE,105 SOUTH GREENLAWN AVE  (V512G4)
V512G5,A,WESBANCO LIMA ALLENTOWN,2600 ALLENTOWN RD ,LIMA,OH,45805-1716,2600_ALLENTOWN_RD,2600 ALLENTOWN RD  (V512G5)
V512G6,A,WESBANCO LIMA SHAWNEE,2565 SHAWNEE RD ,LIMA,OH,45806-1409,2565_SHAWNEE_RD,2565 SHAWNEE RD  (V512G6)
V512G7,A,WESBANCO UPPER SANDUSKY,118 S SANDUSKY AVE ,UPPER SANDUSKY,OH,43351-1424,118_S_SANDUSKY_AVE,118 S SANDUSKY AVE  (V512G7)
V512G8,A,WESBANCO ARLINGTON,112 E LIBERTY STREET ,ARLINGTON,OH,45814-9629,112_E_LIBERTY_STREET,112 E LIBERTY STREET  (V512G8)
V512G9,A,WESBANCO CAREY,128 S VANCE STREET ,CAREY,OH,43316-1128,128_S_VANCE_STREET,128 S VANCE STREET  (V512G9)
V512H0,A,WESBANCO DEFIANCE MAIN,601 CLINTON ST ,DEFIANCE,OH,43512-2636,601_CLINTON_ST,601 CLINTON ST  (V512H0)
V512H3,A,WESBANCO WAUSEON,211 SOUTH FULTON ST ,WAUSEON,OH,43567-1377,211_SOUTH_FULTON_ST,211 SOUTH FULTON ST  (V512H3)
V512H5,A,WESBANCO NAPOLEON MAIN,625 SCOTT ST ,NAPOLEON,OH,43545-1709,625_SCOTT_ST,625 SCOTT ST  (V512H5)
V512H6,A,WESBANCO NAPOLEON NORTH,1800 NORTH SCOTT ST ,NAPOLEON,OH,43545-1097,1800_NORTH_SCOTT_ST,1800 NORTH SCOTT ST  (V512H6)
V512J0,A,WESBANCO DEFIANCE NORTH,1177 NORTH CLINCTON ST ,DEFIANCE,OH,43512-8627,1177_NORTH_CLINCTON_ST,1177 NORTH CLINCTON ST  (V512J0)
V512J1,A,WESBANCO PAULDING,905 NORTH WILLIAM ST ,PAULDING,OH,45879-1073,905_NORTH_WILLIAM_ST,905 NORTH WILLIAM ST  (V512J1)
V512J3,A,WESBANCO BRYAN MAIN,204 EAST HIGH ST ,BRYAN,OH,43506-1745,204_EAST_HIGH_ST,204 EAST HIGH ST  (V512J3)
V512J5,A,WESBANCO MONTPELIER,1050 EAST MAIN ST ,MONTPELIER,OH,43543-1265,1050_EAST_MAIN_ST,1050 EAST MAIN ST  (V512J5)
V512J6,A,WESBANCO HICKSVILLE,201 EAST HIGH ST ,HICKSVILLE,OH,43526-1108,201_EAST_HIGH_ST,201 EAST HIGH ST  (V512J6)
V512J8,A,WESBANCO FORT WAYNE DUPONT,1595 W DUPONT RD ,FT WAYNE,IN,46825-1002,1595_W_DUPONT_RD,1595 W DUPONT RD  (V512J8)
V512J9,A,WESBANCOFORT WAYNE DOWNTOWN,203 EAST BERRY ST ,FT WAYNE,IN,46825-2724,203_EAST_BERRY_ST,203 EAST BERRY ST  (V512J9)
V512K0,A,WESBANCO BELLEVUE OH,211 N SANDUSKY ST ,BELLEVUE,OH,44811-1427,211_N_SANDUSKY_ST,211 N SANDUSKY ST  (V512K0)
V512K1,A,WESBANCO WILLARD,301 MYRTLE AVE ,WILLARD,OH,44890-1514,301_MYRTLE_AVE,301 MYRTLE AVE  (V512K1)
V512K2,A,WESBANCO NORWALK,50 W MAIN ST ,NORWALK,OH,44857-1441,50_W_MAIN_ST,50 W MAIN ST  (V512K2)
V512K3,A,WESBANCO SANDUSKY,4112 MILAN RD ,SANDUSKY,OH,44870-5832,4112_MILAN_RD,4112 MILAN RD  (V512K3)
V512K5,A,WESBANCO MAUMEE,417 WEST DUSSEL DR ,MAUMEE,OH,43537-1667,417_WEST_DUSSEL_DR,417 WEST DUSSEL DR  (V512K5)
V512K6,A,WESBANCO GENOA,22020 WEST STATE ROUTE 51 ,GENOA,OH,43430-1254,22020_WEST_STATE_ROUTE_51,22020 WEST STATE ROUTE 51  (V512K6)
V512K7,A,WESBANCO OREGON,3426 NAVARRE AVE ,OREGON,OH,43616-3428,3426_NAVARRE_AVE,3426 NAVARRE AVE  (V512K7)
V512K8,A,WESBANCO PERRYSBURG,1077 LOUISIANA AVE ,PERRYSBURG,OH,43551-2342,1077_LOUISIANA_AVE,1077 LOUISIANA AVE  (V512K8)
V512K9,A,WESBANCO TOLEDO CHERRY STREET,1077 CHERRY STREET ,TOLEDO,OH,43608-2901,1077_CHERRY_STREET,1077 CHERRY STREET  (V512K9)
V514K1,A,WESBANCO FORT WAYNE ILLINOIS,9909 ILLINOIS RD ,FT WAYNE,IN,46804-5769,9909_ILLINOIS_RD,9909 ILLINOIS RD  (V514K1)
V514K5,A,WESBANCO SYLVANIA MONROE ST,5520 MONROE ST ,SYLVANIA,OH,43560-2538,5520_MONROE_ST,5520 MONROE ST  (V514K5)
V72503,A,WESBANCO - Washington Rd.,728 WASHINGTON RD ,PITTSBURGH,PA,15228-2021,728_WASHINGTON_RD,728 WASHINGTON RD  (V72503)
V83904,A,WESBANCO - New Albany,5690 N HAMILTON RD ,COLUMBUS,OH,43230-1324,5690_N_HAMILTON_RD,5690 N HAMILTON RD  (V83904)
V842A0,A,WESBANCO - Southpointe,2000 HORIZON VUE DR ,CANONSBURG,PA,15317-7548,2000_HORIZON_VUE_DR,2000 HORIZON VUE DR  (V842A0)
V84E24,A,WESBANCO - Yellow Springs,50 KAHOE LN ,YELLOW SPRINGS,OH,45387-1237,50_KAHOE_LN,50 KAHOE LN  (V84E24)
V90141,A,WESBANCO - Enon,7601 DAYTON SPRINGFIELD RD ,FAIRBORN,OH,45324-1903,7601_DAYTON_SPRINGFIELD_RD,7601 DAYTON SPRINGFIELD RD  (V90141)
V9F097,A,WESBANCO - Cranberry,1339 FREEDOM RD ,CRANBERRY TOWNSHIP,PA,16066-5003,1339_FREEDOM_RD,1339 FREEDOM RD  (V9F097)
V9F187,A,WESBANCO - Portsmouth,924 GALLIA ST ,PORTSMOUTH,OH,45662-4139,924_GALLIA_ST,924 GALLIA ST  (V9F187)
V9X154,A,WESBANCO - Beavercreek,1243 N FAIRFIELD RD ,Beavercreek,OH,45432-2633,1243_N_FAIRFIELD_RD,1243 N FAIRFIELD RD  (V9X154)
V9X589,A,WESBANCO - Centerville,6291 WILMINGTON PIKE ,DAYTON,OH,45459-7108,6291_WILMINGTON_PIKE,6291 WILMINGTON PIKE  (V9X589)
V9X931,A,WESBANCO - Ironmakers,975 E MAIN ST ,JACKSON,OH,45640-2138,975_E_MAIN_ST,975 E MAIN ST  (V9X931)
V9Y159,A,WESBANCO - Shadyside OH,3868 CENTRAL AVE ,SHADYSIDE,OH,43947-1308,3868_CENTRAL_AVE,3868 CENTRAL AVE  (V9Y159)
V9Y511,A,WESBANCO - Cambridge,850 WHEELING AVE ,CAMBRIDGE,OH,43725-2317,850_WHEELING_AVE,850 WHEELING AVE  (V9Y511)
W091R0,A,WESBANCO-BRECKENRIDGE,415 MARKET STREET ,PARKERSBURG,WV,26104-5338,415_MARKET_STREET,415 MARKET STREET  (W091R0)
W106Y4,A,WESBANCO - Gahanna,116 S STYGLER ROAD ,GAHANNA,OH,43230-2440,116_S_STYGLER_ROAD,116 S STYGLER ROAD  (W106Y4)
W106Y8,A,WESBANCO - Reynoldsburg,1880 STATE ROUTE 256 ,REYNOLDSBURG,OH,43068-3111,1880_STATE_ROUTE_256,1880 STATE ROUTE 256  (W106Y8)
W108E9,A,WESBANCO - Kingwood,203 MORGANTOWN ST ,KINGWOOD,WV,26537-1021,203_MORGANTOWN_ST,203 MORGANTOWN ST  (W108E9)
W108F9,A,WESBANCO - Barnesville,230 E MAIN ST ,BARNESVILLE,OH,43713-1006,230_E_MAIN_ST,230 E MAIN ST  (W108F9)
W1Y239,A,WESBANCO - Upper Valley,1480 UPPER VALLEY PIKE ,SPRINGFIELD,OH,45504-4033,1480_UPPER_VALLEY_PIKE,1480 UPPER VALLEY PIKE  (W1Y239)
W1Y271,A,WESBANCO - Monfort Heights,5511 CHEVIOT RD ,CINCINNATI,OH,45247-7003,5511_CHEVIOT_RD,5511 CHEVIOT RD  (W1Y271)
W1Y294,A,WESBANCO - Harrison,10575 HARRISON AVE ,HARRISON,OH,45030-1943,10575_HARRISON_AVE,10575 HARRISON AVE  (W1Y294)
W287X3,A,WESBANCO - Circleville,1210 N COURT ST ,CIRCLEVILLE,OH,43113-1000,1210_N_COURT_ST,1210 N COURT ST  (W287X3)
W29E25,A,WESBANCO - Johnson Ave.,1130 JOHNSON AVE ,BRIDGEPORT,WV,26330-1352,1130_JOHNSON_AVE,1130 JOHNSON AVE  (W29E25)
W930H8,A,PNC - WESBANCO,500 1ST AVE ,PITTSBURGH,PA,15219-3128,500_1ST_AVE,500 1ST AVE  (W930H8)
X378X7,A,WESBANCO  Akron LPO,1559 CORPORATE WOODS PKWY STE 350 ,UNIONTOWN,OH,44685-8025,1559_CORPORATE_WOODS_PKWY_STE_350,1559 CORPORATE WOODS PKWY STE 350  (X378X7)
X38W57,A,WESBANCO - Cinci LPO,250 E 5TH ST ,CINCINNATI,OH,45202-4119,250_E_5TH_ST,250 E 5TH ST  (X38W57)
,,,,,,,,
,,,,,,,,
,,,,,,,,
,,,,,,,,
,,,,,,,,
,,,,,,,,
,,,,,,,,
,,,,,,,,
,,,,,,,,
,,,,,,,,
,,,,,,,,
,,,,,,,,
,,,,,,,,
,,,,,,,,
,,,,,,,,
,,,,,,,,
,,,,,,,,
,,,,,,,,
,,,,,,,,
,,,,,,,,
,,,,,,,,
,,,,,,,,
,,,,,,,,
,,,,,,,,
,,,,,,,,
,,,,,,,,
,,,,,,,,
,,,,,,,,
,,,,,,,,
,,,,,,,,
,,,,,,,,
,,,,,,,,
,,,,,,,,
,,,,,,,,
,,,,,,,,
,,,,,,,,
,,,,,,,,
,,,,,,,,
,,,,,,,,
,,,,,,,,
,,,,,,,,
,,,,,,,,
,,,,,,,,
,,,,,,,,
,,,,,,,,
,,,,,,,,
,,,,,,,,
,,,,,,,,
,,,,,,,,
,,,,,,,,
,,,,,,,,
,,,,,,,,
,,,,,,,,
,,,,,,,,
,,,,,,,,
,,,,,,,,
,,,,,,,,
,,,,,,,,
,,,,,,,,
,,,,,,,,
,,,,,,,,
,,,,,,,,
,,,,,,,,
,,,,,,,,
,,,,,,,,
,,,,,,,,
,,,,,,,,
,,,,,,,,
,,,,,,,,
